C++,Java,MATLAB,Other languages,Python,R,SQL
7.055630936227951,2.03527815468114,2.1709633649932156,2.03527815468114,78.96879240162822,6.648575305291724,1.0854816824966078
1.4428412874583796,6.326304106548279,1.6648168701442843,3.9955604883462823,76.13762486126527,8.213096559378469,2.2197558268590454
2.535211267605634,0.0,18.30985915492958,2.8169014084507045,66.47887323943662,8.450704225352112,1.4084507042253522
1.5686274509803921,1.0644257703081232,1.4565826330532212,7.899159663865546,73.33333333333333,10.532212885154062,4.145658263305322
1.859782209714915,0.5628288266242506,1.015538969778539,1.4070720665606264,87.61776581426649,4.722867979933929,2.814144133121253
1.1257953989231522,0.4405286343612335,0.2936857562408223,1.811062163485071,40.52863436123348,50.31815956926089,5.48213411649535
0.1654259718775848,0.49627791563275436,0.3308519437551696,2.315963606286187,56.41025641025641,13.978494623655912,26.302729528535977
1.8351641123462474,0.9998026705255542,1.4141945668618034,2.5126619746102743,75.53772281786489,12.655396961126094,5.045056896665131
